<xml xmlns:o="urn:schemas-microsoft-com:office:office">
 <o:MainFile HRef="../Phase2Final.htm"/>
 <o:File HRef="image321.png"/>
 <o:File HRef="image322.png"/>
 <o:File HRef="image323.wmz"/>
 <o:File HRef="image3231.png"/>
 <o:File HRef="image325.png"/>
 <o:File HRef="image327.png"/>
 <o:File HRef="image329.png"/>
 <o:File HRef="image339.png"/>
 <o:File HRef="image349.png"/>
 <o:File HRef="image350.png"/>
 <o:File HRef="image352.png"/>
 <o:File HRef="image353.png"/>
 <o:File HRef="image355.png"/>
 <o:File HRef="image357.png"/>
 <o:File HRef="image361.png"/>
 <o:File HRef="image363.png"/>
 <o:File HRef="image365.png"/>
 <o:File HRef="image366.png"/>
 <o:File HRef="image370.jpg"/>
 <o:File HRef="image367.png"/>
 <o:File HRef="image377.jpg"/>
 <o:File HRef="image3771.jpg"/>
 <o:File HRef="image382.png"/>
 <o:File HRef="image383.png"/>
 <o:File HRef="image384.png"/>
 <o:File HRef="Page400.htm"/>
 <o:File HRef="image411.png"/>
 <o:File HRef="image425.png"/>
 <o:File HRef="image453.png"/>
 <o:File HRef="image461.jpg"/>
 <o:File HRef="image467.png"/>
 <o:File HRef="Page469.htm"/>
 <o:File HRef="image480.png"/>
 <o:File HRef="image494.png"/>
 <o:File HRef="image529.png"/>
 <o:File HRef="image530.jpg"/>
 <o:File HRef="image5301.jpg"/>
 <o:File HRef="image532.jpg"/>
 <o:File HRef="image5321.jpg"/>
 <o:File HRef="image534.jpg"/>
 <o:File HRef="image5341.jpg"/>
 <o:File HRef="image542.png"/>
 <o:File HRef="image543.png"/>
 <o:File HRef="image556.png"/>
 <o:File HRef="image574.png"/>
 <o:File HRef="image577.png"/>
 <o:File HRef="image580.png"/>
 <o:File HRef="image586.png"/>
 <o:File HRef="image594.png"/>
 <o:File HRef="Page601.htm"/>
 <o:File HRef="image612.png"/>
 <o:File HRef="image626.png"/>
 <o:File HRef="image661.png"/>
 <o:File HRef="image668.jpg"/>
 <o:File HRef="image673.png"/>
 <o:File HRef="image674.png"/>
 <o:File HRef="Page679.htm"/>
 <o:File HRef="image746.jpg"/>
 <o:File HRef="Page757.htm"/>
 <o:File HRef="image824.jpg"/>
 <o:File HRef="Page1069.htm"/>
 <o:File HRef="image1080.png"/>
 <o:File HRef="image1094.png"/>
 <o:File HRef="image1134.png"/>
 <o:File HRef="image1135.png"/>
 <o:File HRef="image1139.png"/>
 <o:File HRef="image1147.png"/>
 <o:File HRef="image1150.png"/>
 <o:File HRef="Page1160.htm"/>
 <o:File HRef="image1171.png"/>
 <o:File HRef="image1185.png"/>
 <o:File HRef="image1060.png"/>
 <o:File HRef="image1266.png"/>
 <o:File HRef="image1163.png"/>
 <o:File HRef="image11631.png"/>
 <o:File HRef="image398.png"/>
 <o:File HRef="Page1269.htm"/>
 <o:File HRef="image1280.png"/>
 <o:File HRef="image1294.png"/>
 <o:File HRef="image1342.png"/>
 <o:File HRef="image1343.png"/>
 <o:File HRef="image1344.png"/>
 <o:File HRef="image1347.png"/>
 <o:File HRef="image1367.jpg"/>
 <o:File HRef="image13671.jpg"/>
 <o:File HRef="image1370.jpg"/>
 <o:File HRef="image13701.jpg"/>
 <o:File HRef="image1373.jpg"/>
 <o:File HRef="image13731.jpg"/>
 <o:File HRef="image1376.jpg"/>
 <o:File HRef="image13761.jpg"/>
 <o:File HRef="image1379.jpg"/>
 <o:File HRef="image13791.jpg"/>
 <o:File HRef="Page1383.htm"/>
 <o:File HRef="image1394.png"/>
 <o:File HRef="image1408.png"/>
 <o:File HRef="image1453.png"/>
 <o:File HRef="filelist.xml"/>
</xml>